HRID,Numer seryjny,Data
12101,JBBD11BX10SA,2025-01-21 13:17:42
12101,JBBD11BX10SA,2025-01-21 13:20:25
12101333,JBBD11BX10SA,2025-01-21 13:22:40
12101333,JBBD11BX10SA,2025-01-21 13:22:43
12101333,JBBD11BX10SA,2025-01-21 13:22:46
12101333,JBBD11BX10SA,2025-01-21 13:22:47
12101333,JBBD11BX10SA,2025-01-21 13:22:50
12101333,JBBD11BX10SA,2025-01-21 13:23:21
12101333,JBBD11BX10SA,2025-01-21 13:23:22
12101333,JBBD11BX10SA,2025-01-21 13:23:23
12101333,JBBD11BX10SA,2025-01-21 13:23:24
12101333,JBBD11BX10SA,2025-01-21 13:23:25
12101333,JBBD11BX10SA,2025-01-21 13:40:09
12101333,JBBD11BX10SA,2025-01-21 13:41:26
12101333,JBBD11BX10SA,2025-01-21 13:44:29
12101333,JBBD11BX10SA,2025-01-21 13:47:28
12101333,JBBD11BX10SA,2025-01-21 13:50:40
12101333,JBBD11BX10SA,2025-01-21 13:50:43
12101333,JBBD11BX10SA,2025-01-21 13:50:44
12101333,JBBD11BX10SA,2025-01-21 13:50:44
12101333,JBBD11BX10SA,2025-01-21 13:50:45
12101333,JBBD11BX10SA,2025-01-21 13:50:45
12101333,JBBD11BX10SA,2025-01-21 13:50:45
12101,jbbd11bx10sa,2025-01-21 14:55:58
12101,JBBD11BX10SA,2025-01-21 15:13:50
12101333,JBBD11BX10SA,2025-01-21 15:29:11
12101333,JBBD11BX10SA,2025-01-21 15:30:06
12101333,JBBD11BX10SA,2025-01-21 15:31:04
